[
  {
    "author": "Chinua Achebe",
    "country": "Nigeria",
    "imageLink": "images/things-fall-apart.jpg",
    "language": "English",
    "link": "https://en.wikipedia.org/wiki/Things_Fall_Apart\n",
    "pages": 209,
    "title": "Things Fall Apart",
    "ISBN": "9781234534597",
    "year": 1958
  },
  {
    "author": "Hans Christian Andersen",
    "country": "Denmark",
    "imageLink": "images/fairy-tales.jpg",
    "language": "Danish",
    "link": "https://en.wikipedia.org/wiki/Fairy_Tales_Told_for_Children._First_Collection.\n",
    "pages": 784,
    "title": "Fairy tales",
    "ISBN": "9345234567897",
    "year": 1836
  },
  {
    "author": "Dante Alighieri",
    "country": "Italy",
    "imageLink": "images/the-divine-comedy.jpg",
    "language": "Italian",
    "link": "https://en.wikipedia.org/wiki/Divine_Comedy\n",
    "pages": 928,
    "title": "The Divine Comedy",
    "ISBN": "9781235687897",
    "year": 1315
  },
  {
    "author": "Unknown",
    "country": "Sumer and Akkadian Empire",
    "imageLink": "images/the-epic-of-gilgamesh.jpg",
    "language": "Akkadian",
    "link": "https://en.wikipedia.org/wiki/Epic_of_Gilgamesh\n",
    "pages": 160,
    "title": "The Epic Of Gilgamesh",
    "ISBN": "978123438397",
    "year": -1700
  },
  {
    "author": "Unknown",
    "country": "Achaemenid Empire",
    "imageLink": "images/the-book-of-job.jpg",
    "language": "Hebrew",
    "link": "https://en.wikipedia.org/wiki/Book_of_Job\n",
    "pages": 176,
    "title": "The Book Of Job",
    "ISBN": "9781238427897",
    "year": -600
  },
  {
    "author": "Unknown",
    "country": "India/Iran/Iraq/Egypt/Tajikistan",
    "imageLink": "images/one-thousand-and-one-nights.jpg",
    "language": "Arabic",
    "link": "https://en.wikipedia.org/wiki/One_Thousand_and_One_Nights\n",
    "pages": 288,
    "title": "One Thousand and One Nights",
    "ISBN": "9781234564897",
    "year": 1200
  },
  {
    "author": "Unknown",
    "country": "Iceland",
    "imageLink": "images/njals-saga.jpg",
    "language": "Old Norse",
    "link": "https://en.wikipedia.org/wiki/Nj%C3%A1ls_saga\n",
    "pages": 384,
    "title": "Nj\u00e1l's Saga",
    "ISBN": "9781234566827",
    "year": 1350
  },
  {
    "author": "Jane Austen",
    "country": "United Kingdom",
    "imageLink": "images/pride-and-prejudice.jpg",
    "language": "English",
    "link": "https://en.wikipedia.org/wiki/Pride_and_Prejudice\n",
    "pages": 226,
    "title": "Pride and Prejudice",
    "ISBN": "9781234955897",
    "year": 1813
  },
  {
    "author": "Honor\u00e9 de Balzac",
    "country": "France",
    "imageLink": "images/le-pere-goriot.jpg",
    "language": "French",
    "link": "https://en.wikipedia.org/wiki/Le_P%C3%A8re_Goriot\n",
    "pages": 443,
    "title": "Le P\u00e8re Goriot",
    "ISBN": "9781234525797",
    "year": 1835
  },
  {
    "author": "Samuel Beckett",
    "country": "Republic of Ireland",
    "imageLink": "images/molloy-malone-dies-the-unnamable.jpg",
    "language": "French, English",
    "link": "https://en.wikipedia.org/wiki/Molloy_(novel)\n",
    "pages": 256,
    "title": "Molloy, Malone Dies, The Unnamable, the trilogy",
    "ISBN": "9781234767747",
    "year": 1952
  },
  {
    "author": "Giovanni Boccaccio",
    "country": "Italy",
    "imageLink": "images/the-decameron.jpg",
    "language": "Italian",
    "link": "https://en.wikipedia.org/wiki/The_Decameron\n",
    "pages": 1024,
    "title": "The Decameron",
    "ISBN": "9781235622297",
    "year": 1351
  },
  {
    "author": "Jorge Luis Borges",
    "country": "Argentina",
    "imageLink": "images/ficciones.jpg",
    "language": "Spanish",
    "link": "https://en.wikipedia.org/wiki/Ficciones\n",
    "pages": 224,
    "title": "Ficciones",
    "ISBN": "9781234562237",
    "year": 1965
  },
  {
    "author": "Emily Bront\u00eb",
    "country": "United Kingdom",
    "imageLink": "images/wuthering-heights.jpg",
    "language": "English",
    "link": "https://en.wikipedia.org/wiki/Wuthering_Heights\n",
    "pages": 342,
    "ISBN": "9781234567897",
    "title": "Wuthering Heights",
    "year": 1847
  },
  {
    "author": "Albert Camus",
    "country": "Algeria, French Empire",
    "imageLink": "images/l-etranger.jpg",
    "language": "French",
    "link": "https://en.wikipedia.org/wiki/The_Stranger_(novel)\n",
    "pages": 185,
    "title": "The Stranger",
    "ISBN": "9781234562447",
    "year": 1942
  },
  {
    "author": "Paul Celan",
    "country": "Romania, France",
    "imageLink": "images/poems-paul-celan.jpg",
    "language": "German",
    "link": "\n",
    "pages": 320,
    "title": "Poems",
    "ISBN": "9781536567897",
    "year": 1952
  },
  {
    "author": "Louis-Ferdinand C\u00e9line",
    "country": "France",
    "imageLink": "images/voyage-au-bout-de-la-nuit.jpg",
    "language": "French",
    "link": "https://en.wikipedia.org/wiki/Journey_to_the_End_of_the_Night\n",
    "pages": 505,
    "title": "Journey to the End of the Night",
    "ISBN": "9781234369897",
    "year": 1932
  },
  {
    "author": "Miguel de Cervantes",
    "country": "Spain",
    "imageLink": "images/don-quijote-de-la-mancha.jpg",
    "language": "Spanish",
    "link": "https://en.wikipedia.org/wiki/Don_Quixote\n",
    "pages": 1056,
    "title": "Don Quijote De La Mancha",
    "ISBN": "97812325697797",
    "year": 1610
  },
  {
    "author": "Geoffrey Chaucer",
    "country": "England",
    "imageLink": "images/the-canterbury-tales.jpg",
    "language": "English",
    "link": "https://en.wikipedia.org/wiki/The_Canterbury_Tales\n",
    "pages": 544,
    "title": "The Canterbury Tales",
    "ISBN": "9781234961897",
    "year": 1450
  },
  {
    "author": "Anton Chekhov",
    "country": "Russia",
    "imageLink": "images/stories-of-anton-chekhov.jpg",
    "language": "Russian",
    "link": "https://en.wikipedia.org/wiki/List_of_short_stories_by_Anton_Chekhov\n",
    "pages": 194,
    "title": "Stories",
    "ISBN": "9781234555597",
    "year": 1886
  },
  {
    "author": "Joseph Conrad",
    "country": "United Kingdom",
    "imageLink": "images/nostromo.jpg",
    "language": "English",
    "link": "https://en.wikipedia.org/wiki/Nostromo\n",
    "pages": 320,
    "title": "Nostromo",
    "ISBN": "9781224547417",
    "year": 1904
  },
  {
    "author": "Charles Dickens",
    "country": "United Kingdom",
    "imageLink": "images/great-expectations.jpg",
    "language": "English",
    "link": "https://en.wikipedia.org/wiki/Great_Expectations\n",
    "pages": 194,
    "title": "Great Expectations",
    "ISBN": "9781234537837",
    "year": 1861
  },
  {
    "author": "Denis Diderot",
    "country": "France",
    "imageLink": "images/jacques-the-fatalist.jpg",
    "language": "French",
    "link": "https://en.wikipedia.org/wiki/Jacques_the_Fatalist\n",
    "pages": 596,
    "title": "Jacques the Fatalist",
    "ISBN": "9781234567822",
    "year": 1796
  },
  {
    "author": "Alfred D\u00f6blin",
    "country": "Germany",
    "imageLink": "images/berlin-alexanderplatz.jpg",
    "language": "German",
    "link": "https://en.wikipedia.org/wiki/Berlin_Alexanderplatz\n",
    "pages": 600,
    "title": "Berlin Alexanderplatz",
    "ISBN": "9781234569941",
    "year": 1929
  },
  {
    "author": "Fyodor Dostoevsky",
    "country": "Russia",
    "imageLink": "images/crime-and-punishment.jpg",
    "language": "Russian",
    "link": "https://en.wikipedia.org/wiki/Crime_and_Punishment\n",
    "pages": 551,
    "title": "Crime and Punishment",
    "ISBN": "9781299062894",
    "year": 1866
  },
  {
    "author": "Fyodor Dostoevsky",
    "country": "Russia",
    "imageLink": "images/the-idiot.jpg",
    "language": "Russian",
    "link": "https://en.wikipedia.org/wiki/The_Idiot\n",
    "pages": 656,
    "title": "The Idiot",
    "ISBN": "9781235547844",
    "year": 1869
  },
  {
    "author": "Fyodor Dostoevsky",
    "country": "Russia",
    "imageLink": "images/the-possessed.jpg",
    "language": "Russian",
    "link": "https://en.wikipedia.org/wiki/Demons_(Dostoyevsky_novel)\n",
    "pages": 768,
    "title": "The Possessed",
    "ISBN": "9781234167747",
    "year": 1872
  },
  {
    "author": "Fyodor Dostoevsky",
    "country": "Russia",
    "imageLink": "images/the-brothers-karamazov.jpg",
    "language": "Russian",
    "link": "https://en.wikipedia.org/wiki/The_Brothers_Karamazov\n",
    "pages": 824,
    "title": "The Brothers Karamazov",
    "ISBN": "9781234994897",
    "year": 1880
  },
  {
    "author": "George Eliot",
    "country": "United Kingdom",
    "imageLink": "images/middlemarch.jpg",
    "language": "English",
    "link": "https://en.wikipedia.org/wiki/Middlemarch\n",
    "pages": 800,
    "title": "Middlemarch",
    "ISBN": "978166467117",
    "year": 1871
  },
  {
    "author": "Ralph Ellison",
    "country": "United States",
    "imageLink": "images/invisible-man.jpg",
    "language": "English",
    "link": "https://en.wikipedia.org/wiki/Invisible_Man\n",
    "pages": 581,
    "title": "Invisible Man",
    "ISBN": "9781234500447",
    "year": 1952
  },
  {
    "author": "Euripides",
    "country": "Greece",
    "imageLink": "images/medea.jpg",
    "language": "Greek",
    "link": "https://en.wikipedia.org/wiki/Medea_(play)\n",
    "pages": 104,
    "title": "Medea",
    "ISBN": "9781266600427",
    "year": -431
  },
  {
    "author": "William Faulkner",
    "country": "United States",
    "imageLink": "images/absalom-absalom.jpg",
    "language": "English",
    "link": "https://en.wikipedia.org/wiki/Absalom,_Absalom!\n",
    "pages": 313,
    "title": "Absalom, Absalom!",
    "ISBN": "9788834500433",
    "year": 1936
  },
  {
    "author": "William Faulkner",
    "country": "United States",
    "imageLink": "images/the-sound-and-the-fury.jpg",
    "language": "English",
    "link": "https://en.wikipedia.org/wiki/The_Sound_and_the_Fury\n",
    "pages": 326,
    "title": "The Sound and the Fury",
    "ISBN": "9781994500415",
    "year": 1929
  },
  {
    "author": "Gustave Flaubert",
    "country": "France",
    "imageLink": "images/madame-bovary.jpg",
    "language": "French",
    "link": "https://en.wikipedia.org/wiki/Madame_Bovary\n",
    "pages": 528,
    "title": "Madame Bovary",
    "ISBN": "9781234567732",
    "year": 1857
  },
  {
    "author": "Gustave Flaubert",
    "country": "France",
    "imageLink": "images/l-education-sentimentale.jpg",
    "language": "French",
    "link": "https://en.wikipedia.org/wiki/Sentimental_Education\n",
    "pages": 606,
    "title": "Sentimental Education",
    "ISBN": "9781234588097",
    "year": 1869
  },
  {
    "author": "Federico Garc\u00eda Lorca",
    "country": "Spain",
    "imageLink": "images/gypsy-ballads.jpg",
    "language": "Spanish",
    "link": "https://en.wikipedia.org/wiki/Gypsy_Ballads\n",
    "pages": 218,
    "title": "Gypsy Ballads",
    "ISBN": "9781234599039",
    "year": 1928
  },
  {
    "author": "Gabriel Garc\u00eda M\u00e1rquez",
    "country": "Colombia",
    "imageLink": "images/one-hundred-years-of-solitude.jpg",
    "language": "Spanish",
    "link": "https://en.wikipedia.org/wiki/One_Hundred_Years_of_Solitude\n",
    "pages": 417,
    "title": "One Hundred Years of Solitude",
    "ISBN": "9781234567897",
    "year": 1967
  },
  {
    "author": "Gabriel Garc\u00eda M\u00e1rquez",
    "country": "Colombia",
    "imageLink": "images/love-in-the-time-of-cholera.jpg",
    "language": "Spanish",
    "link": "https://en.wikipedia.org/wiki/Love_in_the_Time_of_Cholera\n",
    "pages": 368,
    "title": "Love in the Time of Cholera",
    "ISBN": "9781234567882",
    "year": 1985
  },
  {
    "author": "Johann Wolfgang von Goethe",
    "country": "Saxe-Weimar",
    "imageLink": "images/faust.jpg",
    "language": "German",
    "link": "https://en.wikipedia.org/wiki/Goethe%27s_Faust\n",
    "pages": 158,
    "title": "Faust",
    "ISBN": "9781234567101",
    "year": 1832
  },
  {
    "author": "Nikolai Gogol",
    "country": "Russia",
    "imageLink": "images/dead-souls.jpg",
    "language": "Russian",
    "link": "https://en.wikipedia.org/wiki/Dead_Souls\n",
    "pages": 432,
    "title": "Dead Souls",
    "ISBN": "9781234567430",
    "year": 1842
  },
  {
    "author": "G\u00fcnter Grass",
    "country": "Germany",
    "imageLink": "images/the-tin-drum.jpg",
    "language": "German",
    "link": "https://en.wikipedia.org/wiki/The_Tin_Drum\n",
    "pages": 600,
    "title": "The Tin Drum",
    "ISBN": "9781234567897",
    "year": 1959
  },
  {
    "author": "Jo\u00e3o Guimar\u00e3es Rosa",
    "country": "Brazil",
    "imageLink": "images/the-devil-to-pay-in-the-backlands.jpg",
    "language": "Portuguese",
    "link": "https://en.wikipedia.org/wiki/The_Devil_to_Pay_in_the_Backlands\n",
    "pages": 494,
    "title": "The Devil to Pay in the Backlands",
    "ISBN": "9781234333537",
    "year": 1956
  },
  {
    "author": "Knut Hamsun",
    "country": "Norway",
    "imageLink": "images/hunger.jpg",
    "language": "Norwegian",
    "link": "https://en.wikipedia.org/wiki/Hunger_(Hamsun_novel)\n",
    "pages": 176,
    "title": "Hunger",
    "ISBN": "9781234664711",
    "year": 1890
  },
  {
    "author": "Ernest Hemingway",
    "country": "United States",
    "imageLink": "images/the-old-man-and-the-sea.jpg",
    "language": "English",
    "link": "https://en.wikipedia.org/wiki/The_Old_Man_and_the_Sea\n",
    "pages": 128,
    "title": "The Old Man and the Sea",
    "ISBN": "9781234095397",
    "year": 1952
  },
  {
    "author": "Homer",
    "country": "Greece",
    "imageLink": "images/the-iliad-of-homer.jpg",
    "language": "Greek",
    "link": "https://en.wikipedia.org/wiki/Iliad\n",
    "pages": 608,
    "title": "Iliad",
    "ISBN": "9781234566557",
    "year": 735
  },
  {
    "author": "Marguerite Yourcenar",
    "country": "France/Belgium",
    "imageLink": "images/memoirs-of-hadrian.jpg",
    "language": "French",
    "link": "https://en.wikipedia.org/wiki/Memoirs_of_Hadrian\n",
    "pages": 408,
    "title": "Memoirs of Hadrian",
    "ISBN": "9781231577095",
    "year": 1951
  }
]